{"name":"84eec198-c9c1-40df-8b01-e4f736ce895b","id":"/providers/Microsoft.Flow/flows/84eec198-c9c1-40df-8b01-e4f736ce895b","type":"Microsoft.Flow/flows","properties":{"apiId":"/providers/Microsoft.PowerApps/apis/shared_logicflows","displayName":"Utility -> Get List of Tables","definition":{"metadata":{"workflowEntityId":null,"processAdvisorMetadata":null,"flowChargedByPaygo":null,"flowclientsuspensionreason":"None","flowclientsuspensiontime":null,"flowclientsuspensionreasondetails":null,"creator":{"id":"7f252a84-41e5-4d65-8b42-c677e762d0ad","type":"User","tenantId":"3ecebf1a-b91f-4be3-ad74-1fcd05f51fed"},"provisioningMethod":"FromDefinition","failureAlertSubscription":true,"clientLastModifiedTime":"2024-03-21T14:28:15.298122Z","connectionKeySavedTimeKey":"2024-03-21T14:28:15.298122Z"},"$schema":"https://schema.management.azure.com/providers/Microsoft.Logic/schemas/2016-06-01/workflowdefinition.json#","contentVersion":"undefined","parameters":{"$authentication":{"defaultValue":{},"type":"SecureObject"},"$connections":{"defaultValue":{},"type":"Object"}},"triggers":{"manual":{"type":"Request","kind":"Button","inputs":{"schema":{"type":"object","properties":{},"required":[]}}}},"actions":{"Get_Table_Schema":{"runAfter":{},"type":"OpenApiConnection","inputs":{"host":{"apiId":"/providers/Microsoft.PowerApps/apis/shared_ministryplatform-5f27df757dd33694c8-5f29767ffd84c43840","connectionName":"shared_ministryplatform-5f27df757dd33694c8-5f29767ffd84c43840","operationId":"Tables_GET"},"authentication":{"value":"@json(decodeBase64(triggerOutputs().headers['X-MS-APIM-Tokens']))['$ConnectionKey']","type":"Raw"}}},"Initialize_variable":{"runAfter":{"Get_Table_Schema":["Succeeded"]},"type":"InitializeVariable","inputs":{"variables":[{"name":"TableArray","type":"array"}]}},"Apply_to_each":{"foreach":"@body('Get_Table_Schema')","actions":{"Parse_JSON":{"type":"ParseJson","inputs":{"content":"@items('Apply_to_each')","schema":{"type":"object","properties":{"Name":{"type":"string"},"AccessLevel":{"type":"string"},"SpecialPermissions":{"type":"string"},"Columns":{"type":"array","items":{"type":"object","properties":{"Name":{"type":"string"},"DataType":{"type":"string"},"Size":{"type":"integer"},"IsPrimaryKey":{"type":"boolean"},"IsRequired":{"type":"boolean"},"IsComputed":{"type":"boolean"},"IsReadOnly":{"type":"boolean"},"IsForeignKey":{"type":"boolean"},"HasDefault":{"type":"boolean"},"ReferencedTable":{},"ReferencedColumn":{}},"required":["Name","DataType","Size","IsPrimaryKey","IsRequired","IsComputed","IsReadOnly","IsForeignKey","HasDefault","ReferencedTable","ReferencedColumn"]}}}}}},"Condition":{"actions":{},"runAfter":{"Parse_JSON":["Succeeded"]},"else":{"actions":{"Append_to_array_variable_1":{"type":"AppendToArrayVariable","inputs":{"name":"TableArray","value":"@body('Parse_JSON')?['Name']"}}}},"expression":{"or":[{"startsWith":["@body('Parse_JSON')?['Name']","_"]},{"startsWith":["@body('Parse_JSON')?['Name']","vw_"]},{"startsWith":["@body('Parse_JSON')?['Name']","mp_vw_"]},{"startsWith":["@body('Parse_JSON')?['Name']","dp_"]},{"startsWith":["@body('Parse_JSON')?['Name']","Z_"]}]},"type":"If"}},"runAfter":{"Initialize_variable":["Succeeded"]},"type":"Foreach"},"Compose":{"runAfter":{"Apply_to_each":["Succeeded"]},"type":"Compose","inputs":" @{join(variables('TableArray'),',')}"}}},"connectionReferences":{"shared_ministryplatform-5f27df757dd33694c8-5f29767ffd84c43840":{"connectionName":"a17e067a-ec19-417b-9d23-4032f6a0f524","source":"Invoker","id":"/providers/Microsoft.PowerApps/apis/shared_ministryplatform-5f27df757dd33694c8-5f29767ffd84c43840","tier":"NotSpecified"}},"flowFailureAlertSubscribed":false,"isManaged":false}}