{"name":"d04f31eb-03f7-467f-91d1-f5a554b79a94","id":"/providers/Microsoft.Flow/flows/d04f31eb-03f7-467f-91d1-f5a554b79a94","type":"Microsoft.Flow/flows","properties":{"apiId":"/providers/Microsoft.PowerApps/apis/shared_logicflows","displayName":"Button -> Execute Stored Procedure","definition":{"metadata":{"workflowEntityId":null,"processAdvisorMetadata":null,"flowChargedByPaygo":null,"flowclientsuspensionreason":"None","flowclientsuspensiontime":null,"flowclientsuspensionreasondetails":null,"creator":{"id":"7f252a84-41e5-4d65-8b42-c677e762d0ad","type":"User","tenantId":"3ecebf1a-b91f-4be3-ad74-1fcd05f51fed"},"provisioningMethod":"FromDefinition","failureAlertSubscription":true,"clientLastModifiedTime":"2024-03-06T13:10:24.8403758Z","connectionKeySavedTimeKey":"2024-03-06T13:10:24.8403758Z"},"$schema":"https://schema.management.azure.com/providers/Microsoft.Logic/schemas/2016-06-01/workflowdefinition.json#","contentVersion":"1.0.0.0","parameters":{"$connections":{"defaultValue":{},"type":"Object"},"$authentication":{"defaultValue":{},"type":"SecureObject"}},"triggers":{"manual":{"metadata":{"operationMetadataId":"93526215-04ca-4318-a1d9-ec7f15a48a3f"},"type":"Request","kind":"Button","inputs":{"schema":{"type":"object","properties":{},"required":[]}}}},"actions":{"Execute_Stored_Procedure":{"runAfter":{},"metadata":{"operationMetadataId":"6f40f96f-240e-4c3c-905c-665d67da3f5f"},"type":"OpenApiConnection","inputs":{"host":{"apiId":"/providers/Microsoft.PowerApps/apis/shared_ministryplatform-5f27df757dd33694c8-5f29767ffd84c43840","connectionName":"shared_ministryplatform-5f27df757dd33694c8-5f29767ffd84c43840_1","operationId":"Execute_Procedure"},"parameters":{"stored_procedure":"api_Common_FindMatchingContact","parameters":"{\n\"@FirstName\":\"Chris\",\n\"@LastName\":\"Kehayias\",\n\"@EmailAddress\":\"chrisk@acst.com\"\n}","Content-Type":"application/json","Accept":"application/json"},"retryPolicy":{"type":"none"},"authentication":{"value":"@json(decodeBase64(triggerOutputs().headers['X-MS-APIM-Tokens']))['$ConnectionKey']","type":"Raw"}}}},"outputs":{}},"connectionReferences":{"shared_ministryplatform-5f27df757dd33694c8-5f29767ffd84c43840_1":{"connectionName":"a17e067a-ec19-417b-9d23-4032f6a0f524","source":"Invoker","id":"/providers/Microsoft.PowerApps/apis/shared_ministryplatform-5f27df757dd33694c8-5f29767ffd84c43840","tier":"NotSpecified"}},"flowFailureAlertSubscribed":false,"isManaged":false}}